,id,FirstName,LastName,Username,Email,Avatar,Gender,DoB,Address
3,4951,Ammie,Spencer,ammie.spencer,ammie.spencer@email.com,https://robohash.org/iddoloresquis.png?size=300x300&set=set1,Genderfluid,1997-07-22,"{'city': 'Port Gerardo', 'street_name': 'Stroman Prairie', 'street_address': '891 Kala Stravenue', 'zip_code': '66504-8419', 'state': 'Tennessee', 'country': 'United States', 'coordinates': {'lat': 14.546713584678997, 'lng': 149.86558782729884}}"
19,7587,Brandie,Goyette,brandie.goyette,brandie.goyette@email.com,https://robohash.org/molestiasiustorerum.png?size=300x300&set=set1,Polygender,1971-01-26,"{'city': 'Jessieside', 'street_name': 'Tamatha Ford', 'street_address': '614 Camellia Glens', 'zip_code': '25133-9474', 'state': 'Maryland', 'country': 'United States', 'coordinates': {'lat': -27.94499843533047, 'lng': 154.62815144831177}}"
0,4665,Carlee,Ferry,carlee.ferry,carlee.ferry@email.com,https://robohash.org/adipisciestdolorem.png?size=300x300&set=set1,Bigender,1974-09-26,"{'city': 'East Vonnie', 'street_name': 'Jacobs Village', 'street_address': '491 Tari Points', 'zip_code': '85871', 'state': 'North Carolina', 'country': 'United States', 'coordinates': {'lat': -14.021907715903012, 'lng': 90.93187581296195}}"
7,3684,Cyrus,Waters,cyrus.waters,cyrus.waters@email.com,https://robohash.org/sithicrepellendus.png?size=300x300&set=set1,Polygender,1961-08-28,"{'city': 'Parkerfurt', 'street_name': 'Schulist Keys', 'street_address': '134 Eugenio Estate', 'zip_code': '93673-3512', 'state': 'Arkansas', 'country': 'United States', 'coordinates': {'lat': 89.0183396744269, 'lng': 25.848196520862416}}"
15,2405,Damian,Greenholt,damian.greenholt,damian.greenholt@email.com,https://robohash.org/voluptatibusabrepellat.png?size=300x300&set=set1,Agender,1987-04-12,"{'city': 'Cyrusland', 'street_name': 'Jeffry Viaduct', 'street_address': '70345 Kuvalis Circles', 'zip_code': '31887-0786', 'state': 'New Jersey', 'country': 'United States', 'coordinates': {'lat': -35.072334296729004, 'lng': 101.23962080704786}}"
4,6447,Denny,Wilkinson,denny.wilkinson,denny.wilkinson@email.com,https://robohash.org/nostruminenim.png?size=300x300&set=set1,Polygender,1979-11-05,"{'city': 'Collierton', 'street_name': 'Margert Junction', 'street_address': '6996 Louise Junction', 'zip_code': '09248-4385', 'state': 'North Carolina', 'country': 'United States', 'coordinates': {'lat': 83.63312501471756, 'lng': 154.38501073470087}}"
9,7763,Garth,Veum,garth.veum,garth.veum@email.com,https://robohash.org/eafacereex.png?size=300x300&set=set1,Female,1997-06-27,"{'city': 'Bobbieshire', 'street_name': 'Dietrich Mountain', 'street_address': '9033 Marta Lights', 'zip_code': '97459-4160', 'state': 'Alabama', 'country': 'United States', 'coordinates': {'lat': -51.06328798325335, 'lng': 139.38737551020296}}"
18,2065,Jin,Koelpin,jin.koelpin,jin.koelpin@email.com,https://robohash.org/nequedictaoccaecati.png?size=300x300&set=set1,Bigender,1968-08-22,"{'city': 'Mitchellburgh', 'street_name': 'Antione Haven', 'street_address': '3610 Crystal Shore', 'zip_code': '21106', 'state': 'Arkansas', 'country': 'United States', 'coordinates': {'lat': -83.32670694782784, 'lng': 53.03363451439378}}"
13,1108,Jodee,Friesen,jodee.friesen,jodee.friesen@email.com,https://robohash.org/etmolestiaeet.png?size=300x300&set=set1,Agender,1990-08-10,"{'city': 'West Gregorio', 'street_name': 'Sipes Oval', 'street_address': '954 Mosciski Isle', 'zip_code': '66686', 'state': 'Tennessee', 'country': 'United States', 'coordinates': {'lat': 41.97377888882016, 'lng': -20.667055768805}}"
5,1663,Jose,Lakin,jose.lakin,jose.lakin@email.com,https://robohash.org/doloreserroreum.png?size=300x300&set=set1,Polygender,1978-07-29,"{'city': 'South Nidiaberg', 'street_name': 'Kris Trail', 'street_address': '3038 Hilpert Tunnel', 'zip_code': '98231-6238', 'state': 'New Hampshire', 'country': 'United States', 'coordinates': {'lat': 0.7776314233224753, 'lng': -148.97567928197458}}"
2,4972,Malcolm,Collins,malcolm.collins,malcolm.collins@email.com,https://robohash.org/quivoluptasrepellat.png?size=300x300&set=set1,Polygender,1970-03-21,"{'city': 'Schimmelborough', 'street_name': 'Arnoldo Glens', 'street_address': '96923 Ana Village', 'zip_code': '29923', 'state': 'New Hampshire', 'country': 'United States', 'coordinates': {'lat': 20.073515962666676, 'lng': -59.513286531985216}}"
10,5789,Margot,Kling,margot.kling,margot.kling@email.com,https://robohash.org/inciduntveldebitis.png?size=300x300&set=set1,Bigender,1964-03-09,"{'city': 'East Kathi', 'street_name': 'Garnet Square', 'street_address': '20789 Kautzer Roads', 'zip_code': '44665', 'state': 'Ohio', 'country': 'United States', 'coordinates': {'lat': -32.523235982254114, 'lng': 115.50161802695885}}"
12,8304,Nick,Bechtelar,nick.bechtelar,nick.bechtelar@email.com,https://robohash.org/etprovidentnon.png?size=300x300&set=set1,Polygender,1990-05-28,"{'city': 'West Norene', 'street_name': ""O'Keefe Islands"", 'street_address': '94879 Sporer Mount', 'zip_code': '50161-4790', 'state': 'Rhode Island', 'country': 'United States', 'coordinates': {'lat': -20.00146278620973, 'lng': -133.19421002854125}}"
16,7909,Rebecca,Murray,rebecca.murray,rebecca.murray@email.com,https://robohash.org/modisitet.png?size=300x300&set=set1,Bigender,1994-11-16,"{'city': 'Ollietown', 'street_name': 'Mohr Crest', 'street_address': '70615 Elizebeth Vista', 'zip_code': '92523-8906', 'state': 'Virginia', 'country': 'United States', 'coordinates': {'lat': -82.87210880430555, 'lng': -4.202896524809489}}"
6,7352,Reta,Conroy,reta.conroy,reta.conroy@email.com,https://robohash.org/eligendisimiliquedicta.png?size=300x300&set=set1,Genderfluid,1998-06-04,"{'city': 'Tristanburgh', 'street_name': 'Johnette Radial', 'street_address': '38896 Becker Harbor', 'zip_code': '03787', 'state': 'Maryland', 'country': 'United States', 'coordinates': {'lat': 74.06503122573142, 'lng': -125.23166574526078}}"
1,611,Salome,White,salome.white,salome.white@email.com,https://robohash.org/estisteullam.png?size=300x300&set=set1,Genderfluid,1978-03-08,"{'city': 'East Leola', 'street_name': 'Seth Crescent', 'street_address': '143 Gorczany Course', 'zip_code': '33186', 'state': 'Idaho', 'country': 'United States', 'coordinates': {'lat': -3.6098505444330016, 'lng': -175.28842184939285}}"
8,9781,Shalonda,Krajcik,shalonda.krajcik,shalonda.krajcik@email.com,https://robohash.org/cumabillo.png?size=300x300&set=set1,Genderfluid,1997-04-09,"{'city': 'Smithamburgh', 'street_name': 'Nicolas Ford', 'street_address': '568 Conroy Stream', 'zip_code': '49642', 'state': 'Maine', 'country': 'United States', 'coordinates': {'lat': -72.51731834926424, 'lng': 113.79694208108498}}"
11,1389,Sheron,Schaden,sheron.schaden,sheron.schaden@email.com,https://robohash.org/rationevoluptatesquia.png?size=300x300&set=set1,Male,2003-06-19,"{'city': 'Rowehaven', 'street_name': 'Doyle Canyon', 'street_address': '899 Stanford Ways', 'zip_code': '70409-3117', 'state': 'Tennessee', 'country': 'United States', 'coordinates': {'lat': -10.453851198540931, 'lng': 172.2843757121148}}"
17,9353,Suzie,Corwin,suzie.corwin,suzie.corwin@email.com,https://robohash.org/eaquemodiincidunt.png?size=300x300&set=set1,Agender,1977-05-20,"{'city': 'West Wilhelmina', 'street_name': 'Felicita Dale', 'street_address': '206 Farrell Gateway', 'zip_code': '45645-6058', 'state': 'South Dakota', 'country': 'United States', 'coordinates': {'lat': -64.16224010582658, 'lng': -136.37670931242977}}"
14,2840,Willis,Dooley,willis.dooley,willis.dooley@email.com,https://robohash.org/facerevoluptatemquia.png?size=300x300&set=set1,Agender,1961-12-15,"{'city': 'Leifburgh', 'street_name': 'Green Coves', 'street_address': '127 Schowalter Lodge', 'zip_code': '24875-6240', 'state': 'Utah', 'country': 'United States', 'coordinates': {'lat': -83.44311429275984, 'lng': 32.69311031771872}}"
